{
  "best_model": "xgboost",
  "test_fraction": 0.2,
  "n_train": 13726,
  "n_test": 3432,
  "metrics": {
    "baseline_lag24h": {
      "mae": 78.97698135198135,
      "rmse": 132.72491466197283,
      "r2": 0.6375933618390046,
      "mape": 68.22586468141341
    },
    "linear_regression": {
      "mae": 61.36396246879094,
      "rmse": 90.76610270288694,
      "r2": 0.8305121342887378,
      "mape": 80.2174733818083,
      "cv_rmse": 71.59270869362675
    },
    "random_forest": {
      "mae": 30.059387140637142,
      "rmse": 50.82319692424152,
      "r2": 0.946860777680022,
      "mape": 21.278901096489346,
      "cv_rmse": 54.84783990256678
    },
    "xgboost": {
      "mae": 27.28272819519043,
      "rmse": 43.6663653724895,
      "r2": 0.9607729911804199,
      "mape": 21.655231993213302,
      "cv_rmse": 50.03478240966797
    }
  }
}